Glucose,BloodPressure,SkinThickness,Insulin,BMI
148,72,35,0,33.6
85,66,29,0,26.6
183,64,0,0,23.3
89,66,23,94,28.1
137,40,35,168,43.1
116,74,0,0,25.6
78,50,32,88,31.0
115,0,0,0,35.3
197,70,45,543,30.5
125,96,0,0,0.0
110,92,0,0,37.6
168,74,0,0,38.0
139,80,0,0,27.1
189,60,23,846,30.1
166,72,19,175,25.8
100,0,0,0,30.0
118,84,47,230,45.8
107,74,0,0,29.6
103,30,38,83,43.3
115,70,30,96,34.6
126,88,41,235,39.3
99,84,0,0,35.4
196,90,0,0,39.8
119,80,35,0,29.0
143,94,33,146,36.6
125,70,26,115,31.1
147,76,0,0,39.4
97,66,15,140,23.2
145,82,19,110,22.2
117,92,0,0,34.1
109,75,26,72,36.0
158,76,36,245,31.6
88,58,26,16,32.0
92,92,0,0,19.9
122,78,31,112,27.6
103,60,33,192,24.0
138,76,27,0,33.2
102,76,37,0,32.9
90,68,42,0,38.2
111,72,47,207,37.1
